onset	duration	trial_type	value
112.73830399999999	10.0	Left	1.0
129.48275199999998	10.0	Right	1.0
146.34188799999998	10.0	Right	1.0
159.645696	10.0	Right	1.0
17.088511999999998	10.0	Right	1.0
173.86700799999997	10.0	Left	1.0
186.82675199999997	10.0	Left	1.0
199.21305599999997	10.0	Left	1.0
213.66374399999998	10.0	Right	1.0
229.49068799999998	10.0	Right	1.0
243.25324799999996	10.0	Right	1.0
256.442368	10.0	Right	1.0
270.09023999999994	10.0	Left	1.0
283.62342399999994	10.0	Right	1.0
300.48256	10.0	Left	1.0
316.65356799999995	10.0	Left	1.0
32.11264	10.0	Right	1.0
335.57708799999995	10.0	Right	1.0
350.60121599999997	10.0	Right	1.0
370.44223999999997	10.0	Right	1.0
384.8929279999999	10.0	Right	1.0
400.14643199999995	10.0	Left	1.0
412.64742399999994	10.0	Left	1.0
429.3918719999999	10.0	Left	1.0
446.48038399999996	10.0	Left	1.0
462.4220159999999	10.0	Right	1.0
50.46271999999999	10.0	Left	1.0
62.160895999999994	10.0	Left	1.0
79.59347199999999	10.0	Left	1.0
96.91135999999999	10.0	Left	1.0
