onset	duration	trial_type	value
115.14675199999998	10.0	Left	1.0
131.89119999999997	10.0	Right	1.0
148.75033599999998	10.0	Right	1.0
162.05414399999998	10.0	Right	1.0
176.39014399999996	10.0	Left	1.0
189.34988799999996	10.0	Left	1.0
19.267583999999996	10.0	Right	1.0
201.73619199999996	10.0	Left	1.0
216.18687999999997	10.0	Right	1.0
232.01382399999997	10.0	Right	1.0
245.77638399999998	10.0	Right	1.0
259.08019199999995	10.0	Right	1.0
272.72806399999996	10.0	Left	1.0
286.26124799999997	10.0	Right	1.0
303.12038399999994	10.0	Left	1.0
319.40608	10.0	Left	1.0
338.32959999999997	10.0	Right	1.0
34.291712	10.0	Right	1.0
353.35372799999993	10.0	Right	1.0
373.19475199999994	10.0	Right	1.0
387.76012799999995	10.0	Right	1.0
403.013632	10.0	Left	1.0
415.51462399999997	10.0	Left	1.0
432.25907199999995	10.0	Left	1.0
449.4622719999999	10.0	Left	1.0
465.28921599999995	10.0	Right	1.0
52.756479999999996	10.0	Left	1.0
64.45465599999999	10.0	Left	1.0
81.88723199999998	10.0	Left	1.0
99.20511999999998	10.0	Left	1.0
