onset	duration	trial_type	value
109.87110399999999	10.0	Left	1.0
126.50086399999998	10.0	Right	1.0
14.106623999999998	10.0	Right	1.0
143.35999999999999	10.0	Right	1.0
156.663808	10.0	Right	1.0
170.99980799999997	10.0	Left	1.0
183.84486399999997	10.0	Left	1.0
196.34585599999997	10.0	Left	1.0
210.79654399999998	10.0	Right	1.0
226.62348799999998	10.0	Right	1.0
240.27135999999996	10.0	Right	1.0
253.57516799999996	10.0	Right	1.0
267.22303999999997	10.0	Left	1.0
280.756224	10.0	Right	1.0
29.130751999999998	10.0	Right	1.0
297.61535999999995	10.0	Left	1.0
313.901056	10.0	Left	1.0
332.709888	10.0	Right	1.0
347.84870399999994	10.0	Right	1.0
367.57503999999994	10.0	Right	1.0
382.14041599999996	10.0	Right	1.0
397.3939199999999	10.0	Left	1.0
409.8949119999999	10.0	Left	1.0
426.63935999999995	10.0	Left	1.0
443.84255999999993	10.0	Left	1.0
459.66950399999996	10.0	Right	1.0
47.59551999999999	10.0	Left	1.0
59.17900799999999	10.0	Left	1.0
76.611584	10.0	Left	1.0
94.04415999999999	10.0	Left	1.0
